{"cameraMode":{"drawMode":0,"name":"Shaded","section":"Shading Mode"},"sceneLighting":false,"audioPlay":false,"sceneViewState":{"m_AlwaysRefresh":false,"showFog":true,"showSkybox":false,"showFlares":true,"showImageEffects":true,"showParticleSystems":true,"showVisualEffectGraphs":true,"m_FxEnabled":true},"in2DMode":false,"pivot":{"x":-0.8953094482421875,"y":0.5595635175704956,"z":-0.18133467435836793},"rotation":{"x":-0.19773414731025697,"y":-0.5477544069290161,"z":0.13507454097270966,"w":-0.8016676902770996},"size":0.4930809736251831,"orthographic":false}