{"cameraMode":{"drawMode":0,"name":"Shaded","section":"Shading Mode"},"sceneLighting":true,"audioPlay":false,"sceneViewState":{"m_AlwaysRefresh":false,"showFog":true,"showSkybox":true,"showFlares":true,"showImageEffects":true,"showParticleSystems":true,"showVisualEffectGraphs":true,"m_FxEnabled":true},"in2DMode":false,"pivot":{"x":4.0171003341674809,"y":-5.675664901733398,"z":8.529227256774903},"rotation":{"x":0.4003526270389557,"y":-0.0027470800559967758,"z":0.0012050586519762874,"w":0.9163699150085449},"size":10.066883087158204,"orthographic":false}