{"cameraMode":{"drawMode":0,"name":"Shaded","section":"Shading Mode"},"sceneLighting":false,"audioPlay":false,"sceneViewState":{"m_AlwaysRefresh":false,"showFog":true,"showSkybox":false,"showFlares":true,"showImageEffects":true,"showParticleSystems":true,"showVisualEffectGraphs":true,"m_FxEnabled":true},"in2DMode":false,"pivot":{"x":0.12372906506061554,"y":-0.06694182753562927,"z":-0.024032235145568849},"rotation":{"x":-0.10188327729701996,"y":-0.06948180496692658,"z":0.007130832877010107,"w":-0.9923593997955322},"size":0.7088723182678223,"orthographic":false}